id,first_name,last_name,email,gender,ip_address
1,Beitris,Bakey,bbakey0@ehow.com,Female,65.73.156.89
2,Riobard,Stookes,rstookes1@go.com,Polygender,155.147.74.81
3,Ange,Lottrington,alottrington2@engadget.com,Male,47.83.156.86
4,Nicolai,Englefield,nenglefield3@unicef.org,Female,111.27.53.52
5,Norine,Acedo,nacedo4@pcworld.com,Polygender,31.213.152.112
6,Nettle,McKirton,nmckirton5@ameblo.jp,Female,240.176.59.119
7,Perle,Blackbourn,pblackbourn6@imdb.com,Genderfluid,217.109.63.216
8,Carmon,Paxman,cpaxman7@ebay.co.uk,Male,150.203.233.146
9,Liane,Jeffryes,ljeffryes8@google.ru,Female,77.35.236.137
10,Fidel,Lipprose,flipprose9@un.org,Male,96.220.119.59
11,Maribeth,Eouzan,meouzana@booking.com,Female,65.143.245.124
12,Billi,Howe,bhoweb@rediff.com,Genderqueer,65.32.243.136
13,Carce,Bassett,cbassettc@thetimes.co.uk,Male,27.171.52.194
14,Grantham,Aisbett,gaisbettd@eepurl.com,Female,189.129.162.137
15,Shepherd,Kane,skanee@fc2.com,Female,250.56.105.64
16,Leslie,Lawrinson,llawrinsonf@ox.ac.uk,Male,56.103.108.248
17,Micki,Ilyinski,milyinskig@example.com,Female,246.179.189.176
18,Kurtis,Blackney,kblackneyh@hc360.com,Male,195.44.126.179
19,Eileen,Riche,erichei@last.fm,Female,182.130.235.223
20,Ezra,Konertz,ekonertzj@dmoz.org,Male,204.85.131.221
21,Gillan,Bellinger,gbellingerk@independent.co.uk,Female,125.247.24.132
22,Tracie,Eubank,teubankl@army.mil,Female,177.107.174.154
23,Marlyn,Wenman,mwenmanm@epa.gov,Male,171.217.69.192
24,Dugald,Silverman,dsilvermann@java.com,Male,154.119.197.168
25,Ibby,Blomfield,iblomfieldo@google.com.hk,Female,126.70.195.26
26,Vick,Howard,vhowardp@alibaba.com,Female,8.65.249.27
27,Waring,Thormann,wthormannq@wordpress.com,Female,3.145.36.93
28,Aube,Riveles,arivelesr@dagondesign.com,Male,240.196.39.39
29,Regan,Cubbino,rcubbinos@hc360.com,Male,55.250.227.160
30,Ethan,Spadeck,espadeckt@ted.com,Female,23.218.219.150
31,Dede,Durante,dduranteu@utexas.edu,Female,209.150.55.148
32,Andrej,Cambling,acamblingv@yale.edu,Female,86.192.117.230
33,Layney,Tytterton,ltyttertonw@intel.com,Female,95.193.205.252
34,Gerti,Legister,glegisterx@irs.gov,Female,154.189.124.21
35,Jourdan,Haddeston,jhaddestony@google.nl,Agender,158.241.85.159
36,Hans,Bandy,hbandyz@networkadvertising.org,Female,30.35.3.52
37,Kirsteni,Krollman,kkrollman10@mit.edu,Female,240.28.42.6
38,Denys,Chesnut,dchesnut11@printfriendly.com,Female,109.64.29.243
39,Jazmin,Storms,jstorms12@go.com,Female,129.170.31.24
40,Juline,Dearness,jdearness13@sitemeter.com,Female,189.162.204.33
41,Moss,Bendik,mbendik14@odnoklassniki.ru,Male,238.4.23.219
42,Aland,Leahair,aleahair15@pbs.org,Female,59.77.81.165
43,Jasmina,Manach,jmanach16@hubpages.com,Male,146.49.10.241
44,Zea,Tennewell,ztennewell17@ehow.com,Female,92.178.140.41
45,Hugh,Streather,hstreather18@cmu.edu,Female,218.235.2.164
46,Jonell,Raggitt,jraggitt19@bloglovin.com,Female,229.171.157.235
47,Joseph,Cunrado,jcunrado1a@foxnews.com,Female,97.195.57.247
48,Roselin,McBeith,rmcbeith1b@shop-pro.jp,Male,22.7.33.182
49,Tristan,Joire,tjoire1c@exblog.jp,Polygender,7.16.205.92
50,Althea,Plumbe,aplumbe1d@epa.gov,Male,182.99.212.108
51,Sarene,Shinfield,sshinfield1e@godaddy.com,Male,252.142.248.74
52,Ediva,Newbegin,enewbegin1f@netvibes.com,Bigender,253.126.243.66
53,Dorisa,Vasyutochkin,dvasyutochkin1g@wired.com,Male,119.110.39.91
54,Erasmus,Freebury,efreebury1h@constantcontact.com,Non-binary,20.64.62.253
55,Merill,Sheeres,msheeres1i@answers.com,Male,87.234.152.115
56,Ericha,Ensor,eensor1j@bbc.co.uk,Male,159.40.179.87
57,Cherye,Barttrum,cbarttrum1k@github.com,Female,74.157.89.128
58,Ulrich,Starten,ustarten1l@jiathis.com,Male,237.124.115.107
59,Thibaud,Raphael,traphael1m@discuz.net,Male,61.251.172.241
60,Samaria,Sey,ssey1n@vimeo.com,Male,241.135.207.233
61,Mayne,Birtwell,mbirtwell1o@springer.com,Genderqueer,97.167.179.223
62,Arie,Oppery,aoppery1p@google.de,Male,116.98.5.222
63,Maureen,Hovert,mhovert1q@tamu.edu,Female,60.103.27.151
64,Micky,MacKill,mmackill1r@eepurl.com,Female,90.43.141.245
65,Bobinette,Saville,bsaville1s@github.io,Male,118.252.6.8
66,Ignaz,Gernier,igernier1t@tumblr.com,Male,81.29.16.175
67,Donal,De Ferrari,ddeferrari1u@cpanel.net,Female,61.106.128.39
68,Maury,Ornillos,mornillos1v@tamu.edu,Male,107.63.16.223
69,Felicio,Barenski,fbarenski1w@uiuc.edu,Female,176.51.47.124
70,Ronny,Clemente,rclemente1x@reddit.com,Male,190.140.254.78
71,Sidoney,Tear,stear1y@ovh.net,Male,67.75.158.225
72,Britta,Venour,bvenour1z@simplemachines.org,Male,46.147.76.220
73,Kyle,Absolom,kabsolom20@ebay.co.uk,Female,228.163.236.250
74,Ame,Jurges,ajurges21@opera.com,Male,120.7.120.109
75,Evin,Belvard,ebelvard22@w3.org,Female,52.27.224.79
76,Nevins,Giraudou,ngiraudou23@usgs.gov,Female,149.209.130.109
77,Anabella,Bazire,abazire24@cbslocal.com,Female,162.152.79.156
78,Yorker,Bale,ybale25@cbsnews.com,Female,40.78.63.102
79,Bethanne,Giabucci,bgiabucci26@statcounter.com,Male,40.157.33.93
80,Orin,Rope,orope27@dagondesign.com,Male,132.250.175.75
81,Ariel,Witherop,awitherop28@discuz.net,Male,34.76.137.59
82,Zebulen,Connor,zconnor29@acquirethisname.com,Male,8.121.227.139
83,Shalom,Brandino,sbrandino2a@dropbox.com,Male,51.191.2.237
84,Bearnard,Clulow,bclulow2b@bizjournals.com,Female,16.46.134.67
85,Dorotea,Fright,dfright2c@canalblog.com,Male,30.71.237.121
86,Lemmy,Fannin,lfannin2d@free.fr,Female,202.199.185.84
87,Irvin,Passy,ipassy2e@mysql.com,Non-binary,77.69.165.138
88,Drake,Scholling,dscholling2f@ftc.gov,Male,60.76.251.79
89,Wernher,Burrett,wburrett2g@jugem.jp,Male,252.224.144.158
90,Chastity,Deftie,cdeftie2h@nytimes.com,Female,174.250.174.176
91,Elmira,Crommett,ecrommett2i@bbc.co.uk,Male,154.127.138.27
92,Elmo,Aldous,ealdous2j@hatena.ne.jp,Female,106.24.175.118
93,Mariska,Crosgrove,mcrosgrove2k@sphinn.com,Female,239.112.159.69
94,Ida,Pumphrey,ipumphrey2l@nbcnews.com,Genderqueer,88.182.160.177
95,Sandy,Onyon,sonyon2m@last.fm,Male,166.246.80.19
96,Chryste,Trillo,ctrillo2n@auda.org.au,Male,102.161.222.159
97,Ellary,Leverett,eleverett2o@spotify.com,Female,65.247.62.155
98,Halsey,Extal,hextal2p@topsy.com,Female,197.150.123.22
99,Chris,Adamo,cadamo2q@sogou.com,Female,50.36.122.205
100,Dacey,Bootman,dbootman2r@com.com,Male,118.190.183.211
101,Julie,Shoreman,jshoreman2s@skype.com,Genderfluid,242.110.66.167
102,Bertie,Hryskiewicz,bhryskiewicz2t@pagesperso-orange.fr,Male,147.182.43.131
103,Gaelan,Genty,ggenty2u@livejournal.com,Male,6.20.24.155
104,Zebulen,Pitrollo,zpitrollo2v@myspace.com,Male,120.250.168.219
105,Benito,Gooda,bgooda2w@google.com.br,Male,165.27.56.49
106,Geralda,Petrushkevich,gpetrushkevich2x@si.edu,Male,145.251.4.143
107,Viola,Bodycombe,vbodycombe2y@goo.ne.jp,Female,160.47.172.141
108,Hewe,Ditchett,hditchett2z@prlog.org,Female,105.74.103.253
109,Molli,Fante,mfante30@surveymonkey.com,Female,30.123.13.65
110,Aurelia,Tallman,atallman31@webmd.com,Female,125.17.184.49
111,Herby,Cromar,hcromar32@state.gov,Male,186.134.148.151
112,Therine,Reims,treims33@deviantart.com,Female,2.113.90.236
113,Sidonia,Gianiello,sgianiello34@mashable.com,Male,206.117.32.56
114,Dina,Leatherborrow,dleatherborrow35@miitbeian.gov.cn,Female,4.117.202.133
115,Bastien,Ancell,bancell36@issuu.com,Male,115.52.174.67
116,Aldus,Westfalen,awestfalen37@sohu.com,Male,144.56.27.191
117,Ches,Blaza,cblaza38@skype.com,Male,139.198.162.173
118,Davy,Tamplin,dtamplin39@addtoany.com,Female,136.216.74.155
119,Marabel,Witherdon,mwitherdon3a@4shared.com,Male,185.171.91.4
120,Mohammed,Skirrow,mskirrow3b@odnoklassniki.ru,Male,90.58.186.138
121,Gregg,Bailiss,gbailiss3c@amazon.de,Female,89.193.252.92
122,Josey,Baudin,jbaudin3d@seattletimes.com,Female,208.17.232.170
123,Tudor,Smogur,tsmogur3e@webeden.co.uk,Genderqueer,242.56.78.169
124,Athena,Belitz,abelitz3f@aol.com,Female,46.35.195.145
125,Miner,Jeal,mjeal3g@sakura.ne.jp,Female,16.199.87.58
126,Trent,Cicutto,tcicutto3h@elpais.com,Female,201.229.119.101
127,Korrie,Gaylord,kgaylord3i@harvard.edu,Polygender,67.116.36.178
128,Worthy,Osgorby,wosgorby3j@miibeian.gov.cn,Female,142.19.234.240
129,Bat,Fusedale,bfusedale3k@princeton.edu,Agender,59.175.60.123
130,Jordana,Howles,jhowles3l@yolasite.com,Male,252.30.47.4
131,Thea,Severy,tsevery3m@dagondesign.com,Male,240.185.141.158
132,Dalila,Burdoun,dburdoun3n@google.nl,Female,72.140.240.185
133,Grenville,Hughman,ghughman3o@jugem.jp,Male,70.117.237.47
134,Crystal,Wrout,cwrout3p@alexa.com,Female,226.4.198.98
135,Joli,Bansal,jbansal3q@ehow.com,Male,174.98.67.133
136,Horacio,Bettenay,hbettenay3r@last.fm,Female,153.111.207.92
137,Neel,Bonson,nbonson3s@rediff.com,Genderfluid,244.111.87.217
138,Reed,Bartolomeoni,rbartolomeoni3t@nps.gov,Female,79.35.0.255
139,Bordie,Normansell,bnormansell3u@slashdot.org,Female,174.10.12.163
140,Alonso,Comello,acomello3v@mlb.com,Female,36.4.202.53
141,Natalie,Shills,nshills3w@mapquest.com,Genderqueer,214.103.104.36
142,Barde,Angless,bangless3x@amazon.co.uk,Male,61.117.19.220
143,Sada,Castan,scastan3y@google.com,Male,173.242.219.166
144,Valencia,Sings,vsings3z@tuttocitta.it,Female,171.88.148.123
145,Tommy,Wernham,twernham40@fc2.com,Female,45.69.25.246
146,Justine,Grece,jgrece41@cornell.edu,Male,216.250.194.158
147,Valene,Bigglestone,vbigglestone42@yale.edu,Female,185.185.104.90
148,Frank,Tack,ftack43@purevolume.com,Female,112.27.195.2
149,Clayborn,Pickup,cpickup44@hao123.com,Female,104.150.193.191
150,Bathsheba,McCrachen,bmccrachen45@census.gov,Male,60.223.128.131
151,Feodor,Di Gregorio,fdigregorio46@howstuffworks.com,Male,39.184.172.227
152,Melosa,Durbann,mdurbann47@google.ru,Female,218.19.56.23
153,Abba,Layzell,alayzell48@desdev.cn,Male,180.56.14.67
154,Ammamaria,Crowth,acrowth49@gravatar.com,Male,183.218.25.68
155,Gran,Ankers,gankers4a@wp.com,Genderqueer,246.255.19.27
156,Howie,Luisetti,hluisetti4b@squarespace.com,Male,184.211.183.198
157,Yance,Heppenspall,yheppenspall4c@constantcontact.com,Female,12.164.93.69
158,Michell,Passo,mpasso4d@shop-pro.jp,Female,77.59.58.12
159,Roseline,Hazeldean,rhazeldean4e@businessinsider.com,Male,41.13.106.149
160,Jillane,Krinks,jkrinks4f@google.it,Male,123.171.176.78
161,Tabbi,Bartholomew,tbartholomew4g@edublogs.org,Female,57.126.249.179
162,Coleen,Sooley,csooley4h@nationalgeographic.com,Bigender,57.131.31.245
163,Aggie,Bagge,abagge4i@hc360.com,Female,43.181.15.231
164,Gray,McPeake,gmcpeake4j@ifeng.com,Male,13.231.65.141
165,Loni,Brothers,lbrothers4k@ning.com,Female,133.203.44.98
166,Benny,Deetlof,bdeetlof4l@google.com,Male,13.12.140.166
167,Loralie,Pamphilon,lpamphilon4m@gizmodo.com,Male,125.130.167.117
168,Bobbette,Basili,bbasili4n@goodreads.com,Female,16.86.211.33
169,Merilyn,Nolda,mnolda4o@yale.edu,Male,102.110.237.191
170,Leslie,Ivey,livey4p@netvibes.com,Male,126.122.63.85
171,Cosmo,Thunnerclef,cthunnerclef4q@microsoft.com,Female,15.24.186.72
172,Alexis,Scholig,ascholig4r@china.com.cn,Female,52.111.112.60
173,Blondelle,Pettingill,bpettingill4s@google.nl,Bigender,63.50.174.63
174,Nevile,Stroulger,nstroulger4t@ted.com,Female,153.145.148.32
175,Victoria,Gallager,vgallager4u@ocn.ne.jp,Male,77.161.102.145
176,Selene,Scotford,sscotford4v@sciencedirect.com,Female,160.10.32.47
177,Nat,Dutnall,ndutnall4w@domainmarket.com,Male,247.73.166.166
178,Atalanta,Stienton,astienton4x@unblog.fr,Male,122.151.244.248
179,Whitaker,Kleinstein,wkleinstein4y@xing.com,Female,8.69.200.47
180,Carlyn,Spino,cspino4z@pinterest.com,Agender,32.238.146.172
181,Danielle,Spelsbury,dspelsbury50@nps.gov,Male,176.169.180.75
182,Torrey,Gresser,tgresser51@nifty.com,Male,168.228.99.159
183,Ebony,Kunzelmann,ekunzelmann52@kickstarter.com,Male,202.110.26.169
184,Kandy,Shenley,kshenley53@sourceforge.net,Female,184.197.30.80
185,Greg,Jerdan,gjerdan54@cornell.edu,Male,131.62.230.22
186,Benjy,Petrowsky,bpetrowsky55@apache.org,Male,213.218.99.206
187,Tamara,Gammet,tgammet56@dell.com,Female,200.165.71.21
188,Tabb,MattiCCI,tmatticci57@sciencedaily.com,Female,149.77.29.167
189,Harrison,Treeby,htreeby58@utexas.edu,Male,119.127.39.139
190,Ken,McIlwrath,kmcilwrath59@skyrock.com,Male,149.204.9.46
191,Allys,Nield,anield5a@washington.edu,Female,33.157.191.15
192,Kynthia,Ingyon,kingyon5b@godaddy.com,Female,26.148.53.18
193,Norah,Warry,nwarry5c@mapquest.com,Female,19.93.217.41
194,Marcella,Vertey,mvertey5d@deviantart.com,Female,248.37.139.163
195,Theresita,Lukesch,tlukesch5e@blogger.com,Male,70.52.206.203
196,Thain,Bonwell,tbonwell5f@wikimedia.org,Female,211.10.83.196
197,Giustina,Drillingcourt,gdrillingcourt5g@aol.com,Male,185.61.215.13
198,Hunter,Jacqueminot,hjacqueminot5h@gravatar.com,Male,177.218.172.97
199,Alane,Satchel,asatchel5i@buzzfeed.com,Female,245.232.227.68
200,Katha,Fearnall,kfearnall5j@woothemes.com,Male,187.236.109.84
201,Magda,Eversley,meversley5k@sfgate.com,Female,132.23.233.196
202,Cyrille,Oleszcuk,coleszcuk5l@blogspot.com,Male,159.207.221.66
203,Kristopher,Buy,kbuy5m@so-net.ne.jp,Male,246.236.221.34
204,Gabriele,Lacase,glacase5n@freewebs.com,Male,159.149.6.116
205,Mort,Franklyn,mfranklyn5o@arizona.edu,Male,25.226.84.73
206,Abra,Le Breton De La Vieuville,alebretondelavieuville5p@weebly.com,Female,60.33.74.12
207,Truda,Morden,tmorden5q@marriott.com,Genderqueer,77.228.67.199
208,Bailie,Seaking,bseaking5r@sohu.com,Male,19.59.246.236
209,Anselma,Dumphries,adumphries5s@altervista.org,Male,152.109.213.178
210,Harman,Canfer,hcanfer5t@nih.gov,Bigender,63.64.168.63
211,Genna,Midner,gmidner5u@nasa.gov,Male,69.243.78.129
212,Sigismond,Spawton,sspawton5v@merriam-webster.com,Male,181.115.231.198
213,Hilliary,Cockings,hcockings5w@vkontakte.ru,Male,217.231.243.210
214,Mary,Kinworthy,mkinworthy5x@dailymotion.com,Male,92.75.64.185
215,Leonie,Duffie,lduffie5y@nih.gov,Polygender,52.231.126.213
216,Lamar,Duffitt,lduffitt5z@de.vu,Female,137.187.56.98
217,Tana,Prescot,tprescot60@princeton.edu,Male,131.183.197.105
218,Danice,Orpin,dorpin61@woothemes.com,Genderfluid,172.224.241.197
219,Rea,Vittori,rvittori62@addthis.com,Male,247.134.246.66
220,Talyah,McShee,tmcshee63@skype.com,Male,202.139.31.210
221,Rana,Crissil,rcrissil64@github.com,Female,119.34.152.90
222,Fae,Chittenden,fchittenden65@fotki.com,Female,4.99.117.244
223,Allistir,Callen,acallen66@domainmarket.com,Male,104.14.213.172
224,Ulberto,Denington,udenington67@live.com,Female,61.231.184.114
225,Tamma,Eymer,teymer68@networkadvertising.org,Male,80.76.239.78
226,Aldis,Cornelleau,acornelleau69@biblegateway.com,Female,107.24.84.31
227,Deeyn,Mauser,dmauser6a@vimeo.com,Male,92.4.110.217
228,Berton,Lafrentz,blafrentz6b@clickbank.net,Female,133.214.174.70
229,Marshal,Diloway,mdiloway6c@sohu.com,Female,189.91.41.75
230,Olia,Lahive,olahive6d@cmu.edu,Female,214.138.73.47
231,Teresita,Drummond,tdrummond6e@aol.com,Female,243.122.175.120
232,Elianore,Linnell,elinnell6f@lulu.com,Male,66.50.71.85
233,Eadith,Hickin,ehickin6g@goodreads.com,Bigender,229.18.171.99
234,Crissie,Beatty,cbeatty6h@yahoo.com,Female,175.215.162.183
235,Inessa,Clouter,iclouter6i@behance.net,Female,38.38.204.0
236,Ottilie,Causey,ocausey6j@answers.com,Female,146.108.218.35
237,Ddene,Kleinber,dkleinber6k@vistaprint.com,Female,61.250.128.50
238,Joan,Prestage,jprestage6l@npr.org,Female,60.27.253.226
239,Doreen,Linzee,dlinzee6m@dailymail.co.uk,Male,254.78.96.229
240,Christel,Gouley,cgouley6n@arizona.edu,Female,198.79.37.223
241,Smitty,Wenham,swenham6o@feedburner.com,Female,194.62.197.204
242,Lowrance,Bradane,lbradane6p@edublogs.org,Female,59.69.50.219
243,Gabriele,Hallowell,ghallowell6q@webeden.co.uk,Male,232.140.163.164
244,Floyd,Egdell,fegdell6r@lycos.com,Male,248.242.173.243
245,Stacie,Sabater,ssabater6s@qq.com,Male,188.81.219.149
246,Brien,Bridden,bbridden6t@loc.gov,Male,179.99.29.94
247,Winni,Broscombe,wbroscombe6u@theguardian.com,Female,215.193.134.48
248,Meghan,Carmichael,mcarmichael6v@over-blog.com,Female,27.180.11.30
249,Gillian,Hadny,ghadny6w@ebay.com,Female,223.241.213.75
250,Nelle,Radborne,nradborne6x@amazon.de,Male,78.86.177.46
251,Marlo,Dalgarnowch,mdalgarnowch6y@cisco.com,Bigender,88.189.121.19
252,Winfield,Capstaff,wcapstaff6z@ning.com,Male,232.254.29.147
253,Clerissa,Lusk,clusk70@ovh.net,Male,205.94.132.220
254,Herby,Viollet,hviollet71@elpais.com,Male,33.239.143.202
255,Rivalee,Nutkins,rnutkins72@is.gd,Female,15.52.185.77
256,Rosella,Dayer,rdayer73@prlog.org,Male,149.223.232.34
257,Peterus,Ewin,pewin74@timesonline.co.uk,Non-binary,223.8.199.81
258,Antonius,Karlowicz,akarlowicz75@cisco.com,Male,193.235.40.122
259,Norman,Buzine,nbuzine76@woothemes.com,Male,87.197.208.185
260,Jordana,Korn,jkorn77@thetimes.co.uk,Male,250.23.182.21
261,Beau,Garahan,bgarahan78@i2i.jp,Male,194.33.17.153
262,Ezequiel,Fontelles,efontelles79@google.pl,Female,98.194.90.109
263,Elke,Kix,ekix7a@ycombinator.com,Female,193.186.60.38
264,Lurline,Guillford,lguillford7b@angelfire.com,Female,161.48.33.144
265,Noami,Mandre,nmandre7c@baidu.com,Female,136.42.125.134
266,Wade,Julyan,wjulyan7d@state.gov,Male,154.235.7.86
267,Joshuah,Costelow,jcostelow7e@boston.com,Male,113.170.241.128
268,Isidora,Glossup,iglossup7f@cloudflare.com,Male,249.83.157.95
269,Scottie,Cartmell,scartmell7g@taobao.com,Male,122.114.133.172
270,Sally,Ready,sready7h@nifty.com,Female,108.220.48.27
271,Meggi,Chadwen,mchadwen7i@slashdot.org,Female,233.180.51.199
272,Yancy,Harling,yharling7j@walmart.com,Female,202.227.147.120
273,Blaine,Janecek,bjanecek7k@cloudflare.com,Female,168.222.88.167
274,Goldi,Espasa,gespasa7l@earthlink.net,Male,21.83.81.221
275,Guenevere,Lockhart,glockhart7m@economist.com,Genderqueer,92.137.82.218
276,Tansy,McPeeters,tmcpeeters7n@uiuc.edu,Male,239.24.69.204
277,Carma,Jump,cjump7o@opensource.org,Male,95.227.170.44
278,Car,Carrivick,ccarrivick7p@mayoclinic.com,Male,180.199.116.73
279,Frederica,Budik,fbudik7q@ebay.co.uk,Male,132.250.86.169
280,Gonzales,Pegler,gpegler7r@addtoany.com,Male,89.159.20.129
281,Bruis,Danielovitch,bdanielovitch7s@miitbeian.gov.cn,Male,136.64.38.79
282,Jens,Gerrard,jgerrard7t@google.com.br,Male,169.58.140.16
283,Priscella,Brunnstein,pbrunnstein7u@pcworld.com,Female,188.117.127.123
284,Giusto,Margaret,gmargaret7v@hud.gov,Female,163.166.201.189
285,Gwen,Adenot,gadenot7w@mozilla.com,Male,13.41.254.52
286,Marchall,Goldberg,mgoldberg7x@ycombinator.com,Female,225.181.20.15
287,Onfre,Mirams,omirams7y@aboutads.info,Female,114.18.44.46
288,Ida,Nowick,inowick7z@godaddy.com,Female,154.105.68.254
289,Veronike,Daouze,vdaouze80@nih.gov,Female,129.69.85.223
290,Earl,Adaway,eadaway81@discuz.net,Female,33.203.38.71
291,Kalindi,Farrant,kfarrant82@de.vu,Genderfluid,243.109.182.92
292,Row,Buckle,rbuckle83@sfgate.com,Male,71.11.236.91
293,Laurella,Bellinger,lbellinger84@soup.io,Male,188.120.227.218
294,Rey,Mustard,rmustard85@walmart.com,Female,199.141.112.87
295,Frank,Leverentz,fleverentz86@dion.ne.jp,Female,216.156.156.7
296,Agace,Angeau,aangeau87@livejournal.com,Male,84.191.32.77
297,Helena,Goomes,hgoomes88@yellowpages.com,Female,40.231.175.116
298,Ilka,Thomassen,ithomassen89@behance.net,Female,43.14.247.187
299,Marlow,Faucett,mfaucett8a@elegantthemes.com,Female,41.62.190.179
300,Rhett,Conn,rconn8b@virginia.edu,Male,207.209.20.84
301,Redd,Liley,rliley8c@cnn.com,Male,24.134.100.182
302,Daffie,Hanssmann,dhanssmann8d@sun.com,Female,50.225.87.205
303,Dane,Klink,dklink8e@soup.io,Female,161.113.239.169
304,Antonina,Jaan,ajaan8f@ustream.tv,Female,223.230.181.38
305,Leanora,Whittam,lwhittam8g@vistaprint.com,Female,239.28.120.33
306,Nike,Surcomb,nsurcomb8h@who.int,Female,172.146.120.218
307,Yorker,Tite,ytite8i@jalbum.net,Female,173.140.184.98
308,Glyn,Atkin,gatkin8j@google.co.uk,Male,249.131.119.105
309,Oralle,McFie,omcfie8k@edublogs.org,Genderfluid,177.147.38.137
310,Katy,Willbourne,kwillbourne8l@examiner.com,Male,128.24.187.124
311,Sadye,Kemson,skemson8m@flavors.me,Female,169.202.245.108
312,Ahmad,Filyushkin,afilyushkin8n@ask.com,Male,75.93.78.228
313,Charlean,Ledbetter,cledbetter8o@nature.com,Male,7.167.76.220
314,Fernande,Crockford,fcrockford8p@spotify.com,Bigender,71.89.243.116
315,Christine,Kleszinski,ckleszinski8q@hubpages.com,Male,249.105.165.9
316,Trent,Yakovlev,tyakovlev8r@tinyurl.com,Female,250.124.219.7
317,Rudyard,Wolstenholme,rwolstenholme8s@1und1.de,Non-binary,136.229.237.57
318,Blinni,Drewry,bdrewry8t@gizmodo.com,Male,57.163.17.156
319,Peggi,Dundridge,pdundridge8u@nydailynews.com,Male,197.219.21.85
320,Cathryn,Boule,cboule8v@oracle.com,Agender,40.192.206.170
321,Connor,Mattam,cmattam8w@examiner.com,Bigender,54.4.160.105
322,Kelci,McGriffin,kmcgriffin8x@devhub.com,Female,235.146.156.135
323,Braden,Greener,bgreener8y@wikia.com,Male,170.219.153.91
324,Doug,Davley,ddavley8z@webs.com,Male,73.29.75.191
325,Merralee,Kennealy,mkennealy90@booking.com,Male,100.71.63.16
326,Ingra,Pedroli,ipedroli91@ocn.ne.jp,Male,190.169.118.8
327,Doralin,Unger,dunger92@census.gov,Male,126.90.30.22
328,Evonne,Balasin,ebalasin93@google.cn,Female,119.178.109.68
329,Candi,Nellies,cnellies94@opensource.org,Male,240.215.249.245
330,Jamison,Childe,jchilde95@booking.com,Non-binary,125.126.210.243
331,Isobel,Milland,imilland96@liveinternet.ru,Male,156.232.190.31
332,Regan,Chalmers,rchalmers97@storify.com,Male,235.42.75.232
333,Tandi,Gobert,tgobert98@skype.com,Female,242.132.205.201
334,Bax,Diehn,bdiehn99@squarespace.com,Female,215.243.154.56
335,Fern,McGeorge,fmcgeorge9a@sakura.ne.jp,Female,38.140.157.81
336,Welch,Hacquoil,whacquoil9b@tiny.cc,Female,205.250.127.88
337,Katharyn,Lansly,klansly9c@e-recht24.de,Male,109.201.229.56
338,Hogan,MacTeggart,hmacteggart9d@exblog.jp,Male,97.21.80.59
339,Garner,Sesser,gsesser9e@home.pl,Female,59.149.74.77
340,Lynnelle,Edards,ledards9f@ning.com,Female,212.235.172.161
341,Evelyn,Dettmar,edettmar9g@unesco.org,Male,244.125.12.138
342,Patrice,Kiely,pkiely9h@princeton.edu,Female,182.167.66.105
343,Dawna,Moyse,dmoyse9i@theatlantic.com,Male,214.52.21.212
344,Fara,Divina,fdivina9j@imgur.com,Female,58.238.36.197
345,Andie,Noblett,anoblett9k@rambler.ru,Male,135.89.166.21
346,Michal,Longcaster,mlongcaster9l@jigsy.com,Female,153.55.43.12
347,Eric,Bramwich,ebramwich9m@statcounter.com,Male,160.63.22.145
348,Isador,Ditchfield,iditchfield9n@t.co,Male,157.154.177.93
349,Rickert,Rozalski,rrozalski9o@scribd.com,Male,28.215.33.199
350,Anastassia,Gendricke,agendricke9p@naver.com,Male,60.41.159.133
351,Brett,Farnish,bfarnish9q@fotki.com,Male,132.73.58.17
352,Thaxter,Sleit,tsleit9r@wix.com,Male,131.209.158.176
353,Averill,Oseman,aoseman9s@tiny.cc,Male,166.141.245.134
354,Charline,Ryley,cryley9t@artisteer.com,Male,138.43.223.113
355,Valenka,Doubleday,vdoubleday9u@rakuten.co.jp,Female,173.63.115.147
356,Fidelity,Astman,fastman9v@freewebs.com,Male,14.90.178.103
357,Roscoe,Danilishin,rdanilishin9w@exblog.jp,Male,109.17.88.66
358,Marleen,Reeder,mreeder9x@cdc.gov,Male,209.196.208.215
359,Francklyn,Keene,fkeene9y@behance.net,Female,175.186.169.137
360,Nixie,Leggate,nleggate9z@wikimedia.org,Female,162.230.242.91
361,Beilul,Boyde,bboydea0@ycombinator.com,Female,37.195.198.212
362,Miquela,Overell,moverella1@wordpress.com,Male,94.35.147.123
363,Mollee,Escoffier,mescoffiera2@xing.com,Male,62.49.243.219
364,Lezlie,Manvelle,lmanvellea3@yelp.com,Male,83.224.191.45
365,Tatiania,MacInnes,tmacinnesa4@aboutads.info,Male,88.132.55.224
366,Adah,Lowers,alowersa5@blog.com,Male,149.213.91.158
367,Eddy,Davidovich,edavidovicha6@jimdo.com,Male,43.27.215.85
368,Edmon,Wandtke,ewandtkea7@cocolog-nifty.com,Male,182.187.216.139
369,Arv,Besset,abesseta8@latimes.com,Male,227.40.124.162
370,Bart,Coopland,bcooplanda9@ibm.com,Male,192.154.15.146
371,Olly,Lainge,olaingeaa@sitemeter.com,Female,2.91.65.61
372,Hollie,McIlenna,hmcilennaab@independent.co.uk,Female,202.190.216.125
373,Terrye,Duffus,tduffusac@yellowbook.com,Female,71.121.245.79
374,Jeremiah,Krishtopaittis,jkrishtopaittisad@discuz.net,Female,210.119.25.218
375,Seana,Cleynaert,scleynaertae@nature.com,Male,196.40.155.66
376,Brunhilda,Lowdyane,blowdyaneaf@merriam-webster.com,Male,104.53.192.88
377,Torrance,Smiths,tsmithsag@creativecommons.org,Male,197.186.233.187
378,Kara,Danieli,kdanieliah@newyorker.com,Female,241.94.59.194
379,Hillary,Rival,hrivalai@over-blog.com,Male,33.25.119.57
380,Devan,Raincin,draincinaj@loc.gov,Female,236.208.243.61
381,Jamie,Damrell,jdamrellak@dropbox.com,Female,253.84.100.192
382,Gilbertina,Charge,gchargeal@mapquest.com,Female,135.79.65.43
383,Grover,Bompas,gbompasam@nbcnews.com,Female,185.183.104.6
384,Kevin,Raiston,kraistonan@yolasite.com,Female,124.12.27.184
385,Zachary,Vedenyapin,zvedenyapinao@about.me,Male,139.126.239.237
386,Rafael,Tennet,rtennetap@arizona.edu,Female,164.72.217.213
387,Margaux,Mc Combe,mmccombeaq@state.tx.us,Male,136.12.54.200
388,Elwood,Dovinson,edovinsonar@princeton.edu,Female,121.38.248.151
389,Franny,Chaffen,fchaffenas@liveinternet.ru,Male,43.42.196.174
390,Alfy,Ronchetti,aronchettiat@europa.eu,Male,178.211.56.143
391,Ber,Duham,bduhamau@pen.io,Male,79.192.101.110
392,Barney,Goss,bgossav@npr.org,Female,84.157.41.221
393,Gideon,Sturch,gsturchaw@about.me,Male,115.226.17.154
394,Nikolaos,Totterdill,ntotterdillax@joomla.org,Male,196.219.199.196
395,Roderich,Calcott,rcalcottay@google.fr,Female,236.34.125.89
396,Rory,Southcomb,rsouthcombaz@toplist.cz,Male,105.0.152.252
397,Kizzie,Alberti,kalbertib0@cornell.edu,Female,89.111.196.105
398,Ashia,Trays,atraysb1@smugmug.com,Female,115.77.102.97
399,Ive,Hearse,ihearseb2@hibu.com,Male,26.255.93.115
400,Betteann,Kenewel,bkenewelb3@privacy.gov.au,Male,203.4.206.81
401,Buck,Jardine,bjardineb4@indiegogo.com,Male,99.20.16.216
402,Meir,Roscoe,mroscoeb5@1688.com,Female,87.138.52.188
403,Honey,Lavrinov,hlavrinovb6@globo.com,Male,103.138.212.189
404,Shem,Hawkyens,shawkyensb7@gmpg.org,Female,128.210.19.123
405,Karry,Nassy,knassyb8@nyu.edu,Female,38.246.65.9
406,Sharyl,Beverage,sbeverageb9@ezinearticles.com,Male,49.63.80.6
407,Shanan,Waylen,swaylenba@4shared.com,Male,170.9.65.23
408,Marijo,Clulee,mcluleebb@meetup.com,Male,40.59.154.85
409,Berkeley,Walsom,bwalsombc@earthlink.net,Male,158.164.79.89
410,Mitchel,Stranahan,mstranahanbd@cornell.edu,Female,163.248.84.177
411,Mirella,Chalice,mchalicebe@reddit.com,Male,124.214.179.136
412,Illa,Frankish,ifrankishbf@sitemeter.com,Female,224.212.61.56
413,Rosemaria,Tall,rtallbg@elpais.com,Male,216.27.50.182
414,Kora,Huyge,khuygebh@va.gov,Female,250.198.212.2
415,Lauraine,Jouhan,ljouhanbi@miitbeian.gov.cn,Female,116.22.235.38
416,Freddie,Gaish,fgaishbj@amazonaws.com,Male,218.139.12.4
417,Arlette,Sircombe,asircombebk@nbcnews.com,Polygender,136.197.32.192
418,Eddi,Mudd,emuddbl@answers.com,Female,176.12.92.57
419,Chloe,Hupe,chupebm@who.int,Female,18.65.73.255
420,Collen,Place,cplacebn@imageshack.us,Male,45.227.223.37
421,Lewes,Crowdson,lcrowdsonbo@apple.com,Female,20.93.203.244
422,Boony,Styche,bstychebp@ning.com,Female,69.220.29.178
423,Gilberto,Bunney,gbunneybq@earthlink.net,Female,96.133.143.56
424,Geoffrey,Jorgensen,gjorgensenbr@independent.co.uk,Female,240.26.8.193
425,Dorotea,Janes,djanesbs@nyu.edu,Female,187.104.64.132
426,Eldon,Swancott,eswancottbt@unblog.fr,Male,24.84.140.147
427,Salome,Nixon,snixonbu@bing.com,Female,80.69.55.7
428,Lulu,Sussems,lsussemsbv@stumbleupon.com,Non-binary,119.47.45.137
429,Ferdinande,Faldoe,ffaldoebw@google.nl,Female,145.31.197.68
430,Pooh,Al Hirsi,palhirsibx@wired.com,Female,216.162.125.141
431,Ariadne,Glaves,aglavesby@howstuffworks.com,Male,17.135.97.86
432,Jenni,Hebbes,jhebbesbz@jugem.jp,Male,146.235.26.53
433,Heidi,Eaglesham,heagleshamc0@amazon.de,Female,99.253.178.237
434,Fanchette,Hammatt,fhammattc1@nbcnews.com,Female,111.9.185.205
435,Marci,Spitell,mspitellc2@wix.com,Male,191.197.102.116
436,Cullie,Hayto,chaytoc3@census.gov,Male,117.245.36.180
437,Halsey,Imlock,himlockc4@arstechnica.com,Male,87.171.87.13
438,Tera,Boland,tbolandc5@un.org,Female,164.165.238.197
439,Benjie,Sikora,bsikorac6@devhub.com,Agender,170.141.107.82
440,Felisha,Craighill,fcraighillc7@about.me,Polygender,156.25.147.128
441,Merl,Fremantle,mfremantlec8@chronoengine.com,Female,245.82.114.109
442,Rey,Ewence,rewencec9@digg.com,Female,110.109.56.119
443,Frederica,Benz,fbenzca@theglobeandmail.com,Female,6.123.225.77
444,Cooper,Chasles,cchaslescb@jiathis.com,Female,76.70.219.133
445,Lucille,Shillinglaw,lshillinglawcc@tuttocitta.it,Polygender,239.73.7.58
446,Reade,Colebeck,rcolebeckcd@bandcamp.com,Female,212.81.14.52
447,Nancey,Winscom,nwinscomce@simplemachines.org,Male,144.45.22.1
448,Wilburt,Grennan,wgrennancf@uol.com.br,Female,100.135.21.48
449,Lowrance,Quare,lquarecg@va.gov,Male,103.52.98.92
450,Shell,Heistermann,sheistermannch@google.nl,Female,189.113.62.133
451,Dave,Bance,dbanceci@mapquest.com,Male,250.72.234.48
452,Hyacinthie,Keme,hkemecj@google.es,Female,169.207.212.250
453,Karoly,Sheen,ksheenck@omniture.com,Bigender,114.43.113.212
454,Casi,Jurries,cjurriescl@samsung.com,Female,1.197.18.107
455,Charlot,Dabbs,cdabbscm@deviantart.com,Male,35.181.0.85
456,Idalina,Garrow,igarrowcn@nifty.com,Male,146.146.244.199
457,Jeffy,Nowell,jnowellco@networkadvertising.org,Female,239.81.100.236
458,Ives,Drayton,idraytoncp@linkedin.com,Female,54.147.215.203
459,Erminia,McAndrew,emcandrewcq@sogou.com,Female,125.121.104.88
460,Koren,Benedit,kbeneditcr@noaa.gov,Male,32.178.177.146
461,Marguerite,Heape,mheapecs@edublogs.org,Male,202.201.63.247
462,Emogene,Cleaves,ecleavesct@jigsy.com,Female,101.209.60.171
463,Gawain,Duffan,gduffancu@aol.com,Female,205.146.140.239
464,Vernice,Bartoszewicz,vbartoszewiczcv@home.pl,Female,125.135.167.238
465,Maridel,Sumption,msumptioncw@answers.com,Male,13.111.34.99
466,Caty,Senten,csentencx@addtoany.com,Male,210.56.125.103
467,Michel,Beminster,mbeminstercy@a8.net,Female,205.57.105.175
468,Kirk,Whinney,kwhinneycz@dot.gov,Female,69.216.204.158
469,Christie,Gethen,cgethend0@linkedin.com,Male,99.163.196.254
470,Erna,Chell,echelld1@aol.com,Female,119.185.204.60
471,Isaac,Mc Gaughey,imcgaugheyd2@ucoz.ru,Female,155.59.185.255
472,Loella,Lidgett,llidgettd3@shareasale.com,Genderqueer,209.194.18.231
473,Jacquetta,Maddison,jmaddisond4@cmu.edu,Female,209.92.179.36
474,Trumaine,Headly,theadlyd5@ifeng.com,Female,102.92.19.85
475,Antonie,Kettoe,akettoed6@zimbio.com,Male,246.89.33.175
476,Erina,Brumham,ebrumhamd7@privacy.gov.au,Female,197.223.5.186
477,Keven,Medling,kmedlingd8@example.com,Female,241.178.132.12
478,Lanny,Dockrell,ldockrelld9@icq.com,Male,97.116.42.0
479,Garfield,Shuker,gshukerda@examiner.com,Male,159.133.52.144
480,Jobie,Gilbride,jgilbridedb@wikispaces.com,Male,237.98.12.184
481,Bastien,Wike,bwikedc@shinystat.com,Male,23.195.125.95
482,Roma,Roxbee,rroxbeedd@joomla.org,Bigender,236.34.233.98
483,Brandtr,Kelwaybamber,bkelwaybamberde@rambler.ru,Male,214.15.175.254
484,Betta,Bartali,bbartalidf@skyrock.com,Agender,35.161.120.178
485,Raul,Pearcey,rpearceydg@loc.gov,Female,123.137.192.30
486,Lon,Damp,ldampdh@bizjournals.com,Female,155.60.19.158
487,Kerby,Pescud,kpescuddi@list-manage.com,Male,54.8.154.119
488,Raoul,Pflieger,rpfliegerdj@jalbum.net,Female,241.120.185.35
489,Nicolea,Ubach,nubachdk@scientificamerican.com,Female,214.208.31.85
490,Bryn,Shoesmith,bshoesmithdl@nydailynews.com,Male,168.25.39.129
491,Zebedee,Busain,zbusaindm@psu.edu,Female,36.151.78.49
492,Gregory,Agate,gagatedn@wunderground.com,Agender,0.154.179.205
493,Janey,Frammingham,jframminghamdo@icq.com,Female,233.48.215.61
494,Kassey,Deftie,kdeftiedp@amazon.co.jp,Female,80.129.35.86
495,Sunny,Frewer,sfrewerdq@businessweek.com,Male,10.84.55.73
496,Sarge,Dyott,sdyottdr@mozilla.org,Female,100.158.201.183
497,Elianore,Grand,egrandds@examiner.com,Non-binary,109.173.77.47
498,Lexi,Checci,lcheccidt@feedburner.com,Female,21.71.248.23
499,Ofilia,Tregent,otregentdu@soup.io,Male,227.6.79.146
500,Pryce,Ennor,pennordv@cargocollective.com,Female,187.181.211.27
501,Jobyna,Riddick,jriddickdw@dedecms.com,Non-binary,233.197.151.168
502,Caddric,Paley,cpaleydx@toplist.cz,Male,2.236.62.74
503,Thain,Espina,tespinady@biglobe.ne.jp,Female,99.36.197.196
504,Ahmed,Karet,akaretdz@springer.com,Female,80.54.88.7
505,Phillipe,Loverock,ploverocke0@bizjournals.com,Male,210.156.33.8
506,Cassaundra,Hayth,chaythe1@timesonline.co.uk,Male,42.187.96.135
507,Devi,Starten,dstartene2@vinaora.com,Female,50.48.230.59
508,Baillie,Carlaw,bcarlawe3@imageshack.us,Male,95.29.104.154
509,Zackariah,Hadgraft,zhadgrafte4@spiegel.de,Male,103.113.76.155
510,Hewe,Raynard,hraynarde5@indiegogo.com,Female,93.52.238.40
511,Fredia,Smithin,fsmithine6@prnewswire.com,Male,140.14.237.106
512,Vito,Childes,vchildese7@wikipedia.org,Male,167.107.102.240
513,Lora,Dashwood,ldashwoode8@bloomberg.com,Female,45.26.161.26
514,Colette,Coultish,ccoultishe9@imdb.com,Male,248.2.234.133
515,Annecorinne,Dytham,adythamea@google.cn,Male,222.14.167.46
516,Darb,Boutellier,dboutelliereb@bbb.org,Female,170.114.221.149
517,Hoebart,Marzele,hmarzeleec@mayoclinic.com,Male,209.199.154.40
518,Verene,Creech,vcreeched@redcross.org,Male,81.207.168.243
519,Peri,Willars,pwillarsee@auda.org.au,Male,217.46.37.6
520,Jessy,Rizzillo,jrizzilloef@illinois.edu,Female,80.48.103.1
521,Dru,Pendered,dpenderedeg@ovh.net,Male,5.71.210.154
522,Kaile,Le Brun,klebruneh@oakley.com,Male,126.96.78.139
523,Orelee,McVity,omcvityei@sbwire.com,Female,73.131.37.154
524,Ade,Poles,apolesej@goo.gl,Male,78.2.191.217
525,Ruby,Gilliatt,rgilliattek@cloudflare.com,Male,80.67.102.200
526,Janeen,Tungay,jtungayel@ifeng.com,Male,21.231.226.180
527,Remus,Warde,rwardeem@google.co.uk,Female,216.217.98.51
528,David,Tatters,dtattersen@alexa.com,Female,79.155.140.223
529,Sergio,Olfert,solferteo@storify.com,Bigender,204.118.18.133
530,Miguela,Begg,mbeggep@vk.com,Male,209.185.91.111
531,Paloma,Trenchard,ptrenchardeq@paginegialle.it,Female,188.12.117.216
532,Clemmie,Suermeier,csuermeierer@ted.com,Female,48.254.5.8
533,Markos,Hampstead,mhampsteades@ebay.com,Male,6.95.96.3
534,Petronella,Siemianowicz,psiemianowiczet@goo.ne.jp,Female,201.46.52.221
535,Rockey,Philipps,rphilippseu@sourceforge.net,Male,123.133.160.157
536,Bernita,Brane,bbraneev@buzzfeed.com,Male,222.49.215.30
537,Milka,Ajsik,majsikew@homestead.com,Female,145.14.4.20
538,Kerr,Zannuto,kzannutoex@ask.com,Female,97.22.9.17
539,Daphne,Cammacke,dcammackeey@ftc.gov,Male,138.51.247.209
540,Riordan,Winsborrow,rwinsborrowez@ovh.net,Male,197.84.162.39
541,Erminie,Annies,eanniesf0@forbes.com,Male,225.61.25.199
542,Kelcie,Quig,kquigf1@so-net.ne.jp,Male,99.60.3.251
543,Kirbee,Firmager,kfirmagerf2@hc360.com,Female,195.187.77.150
544,Monti,Dunhill,mdunhillf3@etsy.com,Male,186.200.249.185
545,Inga,Seyler,iseylerf4@imageshack.us,Male,79.241.233.101
546,Shanta,Tolputt,stolputtf5@themeforest.net,Female,94.52.194.192
547,Barry,Wonham,bwonhamf6@dagondesign.com,Male,219.255.198.149
548,Nicole,Jacqueme,njacquemef7@cmu.edu,Male,49.201.165.37
549,Emeline,Checchi,echecchif8@usa.gov,Female,227.82.51.229
550,Dyna,Leads,dleadsf9@phoca.cz,Male,208.218.76.251
551,Ebony,Brotherhead,ebrotherheadfa@unc.edu,Male,111.155.82.142
552,Gui,Colgan,gcolganfb@arstechnica.com,Male,140.5.242.120
553,Juan,Mouncher,jmouncherfc@gizmodo.com,Male,8.49.148.224
554,Gothart,Tailby,gtailbyfd@vimeo.com,Male,67.87.57.246
555,Denver,Batalini,dbatalinife@creativecommons.org,Female,13.215.63.199
556,West,Phillins,wphillinsff@cargocollective.com,Female,69.194.15.232
557,Sarita,Gronaver,sgronaverfg@unesco.org,Male,235.209.37.181
558,Cloris,Preston,cprestonfh@jalbum.net,Female,167.186.249.73
559,Felicle,Eadmeads,feadmeadsfi@miitbeian.gov.cn,Female,101.237.115.32
560,Roxane,Killock,rkillockfj@sun.com,Male,115.218.236.252
561,Isacco,Everall,ieverallfk@ovh.net,Female,99.149.108.161
562,Wallie,Covet,wcovetfl@freewebs.com,Female,218.53.59.102
563,Rolf,Bumby,rbumbyfm@technorati.com,Male,122.5.105.239
564,Link,Davydochkin,ldavydochkinfn@bluehost.com,Female,111.161.145.37
565,Mateo,Ecclesall,mecclesallfo@nifty.com,Male,165.219.203.118
566,Alyda,Heersma,aheersmafp@twitter.com,Male,48.173.61.119
567,Tann,Rossey,trosseyfq@yellowpages.com,Male,38.19.215.42
568,Luca,Chadburn,lchadburnfr@salon.com,Male,133.202.83.211
569,Belle,Heinemann,bheinemannfs@upenn.edu,Male,152.179.224.99
570,Karel,Oxberry,koxberryft@github.io,Male,217.187.241.162
571,Carney,Wakenshaw,cwakenshawfu@list-manage.com,Male,197.60.158.18
572,Nicki,Menghi,nmenghifv@weather.com,Female,17.247.88.213
573,Jeno,Marians,jmariansfw@cafepress.com,Female,34.13.148.252
574,Christina,Barnaby,cbarnabyfx@yale.edu,Female,78.47.65.168
575,Teddi,Isson,tissonfy@engadget.com,Female,238.35.154.48
576,Luisa,Hallut,lhallutfz@whitehouse.gov,Male,245.188.49.73
577,Dael,Pollicott,dpollicottg0@forbes.com,Female,241.231.93.2
578,Ogdan,Bleasdale,obleasdaleg1@go.com,Female,238.100.212.20
579,Carena,Grigoriev,cgrigorievg2@de.vu,Male,96.57.214.124
580,Ash,Froment,afromentg3@mac.com,Male,102.255.178.126
581,Ranice,Androck,randrockg4@purevolume.com,Bigender,114.153.231.91
582,Rodney,Grosvenor,rgrosvenorg5@cdc.gov,Male,116.160.206.246
583,Lona,Tumayan,ltumayang6@ameblo.jp,Female,198.109.29.255
584,Avictor,Dain,adaing7@opensource.org,Female,65.194.166.49
585,Bree,Need,bneedg8@japanpost.jp,Male,193.79.110.247
586,Maggi,Berisford,mberisfordg9@jiathis.com,Male,226.6.186.148
587,Prent,Baggs,pbaggsga@technorati.com,Male,238.206.164.51
588,Teddie,Underdown,tunderdowngb@wiley.com,Male,38.237.220.201
589,Adolphus,Barter,abartergc@sbwire.com,Male,210.151.245.180
590,Elmira,Renols,erenolsgd@umich.edu,Female,72.204.255.234
591,Skippie,Norley,snorleyge@cisco.com,Male,86.116.157.42
592,Lutero,MacCathay,lmaccathaygf@google.cn,Female,6.146.192.143
593,Jarid,Edgars,jedgarsgg@wix.com,Male,249.44.3.29
594,Jay,Summerell,jsummerellgh@cam.ac.uk,Male,146.238.184.199
595,Lamar,Bassil,lbassilgi@cpanel.net,Male,229.234.58.42
596,Horst,Hollyer,hhollyergj@woothemes.com,Female,84.53.77.161
597,Paulina,Hordell,phordellgk@tmall.com,Female,65.237.179.222
598,Legra,Clow,lclowgl@furl.net,Male,105.82.46.216
599,Winny,Crimes,wcrimesgm@go.com,Female,170.122.54.169
600,Raleigh,Dillet,rdilletgn@alibaba.com,Male,2.232.222.163
601,Pate,Himsworth,phimsworthgo@yahoo.com,Female,126.188.175.45
602,Mirabella,Izzatt,mizzattgp@wikispaces.com,Male,22.118.80.89
603,Arnold,Kabos,akabosgq@army.mil,Female,237.181.109.89
604,Gwennie,Gleave,ggleavegr@digg.com,Female,89.158.95.187
605,Hestia,Pamplin,hpamplings@cnet.com,Male,177.170.6.56
606,Emlen,Nolleth,enollethgt@gizmodo.com,Female,234.85.212.123
607,Magdalen,Bavin,mbavingu@wikispaces.com,Male,41.186.233.52
608,Davey,Peachman,dpeachmangv@state.gov,Male,253.95.105.59
609,Noby,Robbs,nrobbsgw@cnn.com,Male,148.170.137.239
610,Heddie,Moorrud,hmoorrudgx@ucoz.com,Male,71.214.232.201
611,Mahala,Traut,mtrautgy@altervista.org,Female,193.28.198.35
612,Pepi,Wiltshear,pwiltsheargz@ted.com,Male,245.56.146.95
613,Koren,Lindblom,klindblomh0@51.la,Male,252.94.185.18
614,Hedi,Fishley,hfishleyh1@vistaprint.com,Male,14.197.52.172
615,Corabel,Ruddoch,cruddochh2@boston.com,Male,28.212.52.7
616,Gino,Yurmanovev,gyurmanovevh3@youku.com,Male,134.121.40.208
617,Pavel,Henriquet,phenriqueth4@prnewswire.com,Female,217.181.55.253
618,Winfred,Lahy,wlahyh5@drupal.org,Female,111.127.129.105
619,Archibald,Jachtym,ajachtymh6@friendfeed.com,Female,69.99.248.56
620,Cassandra,Origin,coriginh7@hatena.ne.jp,Male,179.146.63.24
621,Sanford,Sorrell,ssorrellh8@tamu.edu,Male,1.147.227.21
622,Arnoldo,Grimestone,agrimestoneh9@apache.org,Male,247.101.44.166
623,Dell,Babar,dbabarha@sina.com.cn,Female,35.171.190.166
624,Niall,Strowger,nstrowgerhb@lulu.com,Female,188.52.251.138
625,Peggy,Corss,pcorsshc@multiply.com,Male,231.196.81.175
626,Edin,Plaistowe,eplaistowehd@cornell.edu,Female,82.169.106.207
627,Freemon,Slopier,fslopierhe@cbc.ca,Female,231.98.155.76
628,Ines,Wallworth,iwallworthhf@feedburner.com,Female,245.242.138.211
629,Noland,Ferriman,nferrimanhg@livejournal.com,Female,97.34.71.128
630,Margret,Moralas,mmoralashh@reddit.com,Agender,12.221.244.143
631,Grata,Rosensaft,grosensafthi@i2i.jp,Male,11.39.219.100
632,Tuck,Mattimoe,tmattimoehj@webnode.com,Male,133.124.118.34
633,Ranna,Enser,renserhk@timesonline.co.uk,Female,145.122.25.121
634,Mildred,Claessens,mclaessenshl@e-recht24.de,Female,129.127.118.232
635,Halette,Ruddock,hruddockhm@constantcontact.com,Male,51.74.247.32
636,Janaya,Bromell,jbromellhn@squarespace.com,Female,203.70.103.149
637,Martynne,Dorsey,mdorseyho@omniture.com,Female,2.15.170.243
638,Kay,Loyns,kloynshp@loc.gov,Female,154.58.82.11
639,Kay,Mealing,kmealinghq@sfgate.com,Male,218.27.255.37
640,Rosana,Skim,rskimhr@technorati.com,Female,242.109.147.45
641,Ofilia,Coplestone,ocoplestonehs@mashable.com,Agender,154.231.78.196
642,Jana,Lindwall,jlindwallht@ycombinator.com,Female,10.75.127.148
643,Kaye,Cadman,kcadmanhu@nature.com,Agender,5.188.255.167
644,Blondell,Kepp,bkepphv@de.vu,Male,185.48.81.134
645,Jude,Chatainier,jchatainierhw@apache.org,Female,79.243.226.170
646,Mora,Rubinfajn,mrubinfajnhx@cnet.com,Agender,51.98.88.182
647,Rodrique,Mustill,rmustillhy@elegantthemes.com,Male,72.186.122.18
648,Germain,Mangon,gmangonhz@macromedia.com,Male,234.210.65.94
649,Hastings,Manzell,hmanzelli0@webeden.co.uk,Male,76.192.7.139
650,Daisey,Trundler,dtrundleri1@clickbank.net,Male,125.165.194.210
651,Manfred,Pennacci,mpennaccii2@chron.com,Female,23.180.54.160
652,Scotty,Ashling,sashlingi3@delicious.com,Female,192.201.230.181
653,Lynsey,Langstrath,llangstrathi4@examiner.com,Male,236.160.182.235
654,Appolonia,Coules,acoulesi5@hexun.com,Male,51.46.68.101
655,Charil,Anstiss,canstissi6@nifty.com,Agender,208.34.5.218
656,Lyndell,Kiln,lkilni7@qq.com,Male,255.58.155.74
657,Susanne,Knock,sknocki8@mozilla.com,Male,216.61.244.81
658,Donnamarie,McElwee,dmcelweei9@bbb.org,Female,225.41.117.176
659,Leticia,Quirk,lquirkia@hatena.ne.jp,Non-binary,219.151.92.160
660,Gayel,Cogdell,gcogdellib@sina.com.cn,Female,134.222.253.250
661,Averill,Bolliver,abolliveric@jugem.jp,Male,175.232.122.78
662,Martina,Garett,mgarettid@chron.com,Female,125.133.24.108
663,Joli,Plom,jplomie@twitter.com,Agender,174.223.245.54
664,Artus,Malin,amalinif@ftc.gov,Male,19.209.218.18
665,Raddy,Lobell,rlobellig@slate.com,Female,28.74.110.153
666,Gregoire,Carillo,gcarilloih@hao123.com,Male,57.124.209.33
667,Tyne,Sleight,tsleightii@youtu.be,Female,190.128.11.43
668,Darbie,Strain,dstrainij@addtoany.com,Male,134.242.104.236
669,Cesya,Eadmead,ceadmeadik@cafepress.com,Male,95.78.175.44
670,Alverta,Gyver,agyveril@marriott.com,Male,25.2.106.142
671,Savina,Corbould,scorbouldim@omniture.com,Genderfluid,87.131.129.104
672,Tawsha,Brunicke,tbrunickein@cnbc.com,Male,184.85.103.165
673,Kimmie,Wennington,kwenningtonio@auda.org.au,Male,18.255.154.237
674,Hillyer,Keighley,hkeighleyip@miitbeian.gov.cn,Female,190.2.7.84
675,Emili,Aveline,eavelineiq@macromedia.com,Male,171.136.126.149
676,Kasey,Routh,krouthir@hibu.com,Male,165.24.221.129
677,Katya,Hews,khewsis@ucla.edu,Male,81.229.224.20
678,Kathleen,Gillino,kgillinoit@phpbb.com,Male,206.37.7.78
679,Shelby,Cowing,scowingiu@webs.com,Female,127.124.241.91
680,Dominga,Sleath,dsleathiv@webs.com,Male,182.129.231.73
681,Kary,Caghan,kcaghaniw@reddit.com,Female,27.28.172.76
682,Maxy,Feacham,mfeachamix@aol.com,Female,180.2.72.244
683,Adelina,Kenney,akenneyiy@npr.org,Male,163.68.18.111
684,Noll,Smither,nsmitheriz@yelp.com,Male,130.221.226.151
685,Pearla,Skelington,pskelingtonj0@youtube.com,Female,193.211.248.153
686,Norry,Tudge,ntudgej1@wordpress.org,Female,70.122.0.69
687,Rochette,Gittings,rgittingsj2@ucoz.com,Female,204.225.140.200
688,Gregory,Kubiczek,gkubiczekj3@usatoday.com,Genderqueer,31.138.19.239
689,Cesaro,Pietrzak,cpietrzakj4@uiuc.edu,Female,53.0.107.46
690,Adriane,Normanville,anormanvillej5@instagram.com,Bigender,229.246.170.218
691,Amble,Adamson,aadamsonj6@123-reg.co.uk,Male,144.161.35.207
692,Pooh,Lingner,plingnerj7@constantcontact.com,Male,97.194.209.217
693,Veronica,Streeter,vstreeterj8@answers.com,Male,210.41.188.199
694,Lance,Job,ljobj9@yahoo.co.jp,Female,65.41.140.122
695,Ware,D'Alessandro,wdalessandroja@nationalgeographic.com,Female,162.221.135.226
696,Bond,Kime,bkimejb@chronoengine.com,Female,243.127.45.198
697,Donnajean,Leah,dleahjc@miibeian.gov.cn,Non-binary,103.34.30.13
698,Marvin,Munslow,mmunslowjd@zdnet.com,Female,250.95.43.162
699,Rosalinde,Eccleston,recclestonje@nsw.gov.au,Female,52.240.213.36
700,Blair,O'Longain,bolongainjf@nsw.gov.au,Male,107.86.4.134
701,Ewart,Raithby,eraithbyjg@aboutads.info,Female,143.103.254.165
702,Rikki,Bradshaw,rbradshawjh@sohu.com,Male,203.80.43.26
703,Carrol,Eastbrook,ceastbrookji@tinyurl.com,Genderqueer,21.215.215.112
704,Michal,Sillars,msillarsjj@ning.com,Male,187.44.167.66
705,Evaleen,Kippen,ekippenjk@elegantthemes.com,Female,245.71.89.233
706,Brana,Brighty,bbrightyjl@surveymonkey.com,Bigender,173.44.51.229
707,Shane,MacCrackan,smaccrackanjm@bloglines.com,Genderqueer,179.236.164.6
708,Whitby,Macak,wmacakjn@issuu.com,Female,63.116.180.83
709,Gwenore,Jablonski,gjablonskijo@indiatimes.com,Male,139.106.158.149
710,Spence,Veljes,sveljesjp@lycos.com,Female,141.187.178.181
711,Melisent,Sodo,msodojq@github.com,Male,66.129.253.26
712,Alden,Bernolet,abernoletjr@hp.com,Male,124.134.121.91
713,Evonne,Valentim,evalentimjs@harvard.edu,Male,102.95.8.46
714,Nye,Manjin,nmanjinjt@archive.org,Male,152.238.112.161
715,Alair,Baldock,abaldockju@yale.edu,Male,77.44.75.122
716,Trudie,Hansley,thansleyjv@washington.edu,Genderfluid,251.199.31.46
717,Corina,Strick,cstrickjw@google.pl,Male,111.187.122.83
718,Bentley,Wardesworth,bwardesworthjx@hibu.com,Male,246.178.2.209
719,Ashbey,Kennally,akennallyjy@hp.com,Bigender,19.63.30.151
720,Nicoli,Presser,npresserjz@cocolog-nifty.com,Genderfluid,179.106.87.75
721,Haven,Le feaver,hlefeaverk0@harvard.edu,Male,83.252.43.134
722,Fabiano,McArt,fmcartk1@sourceforge.net,Male,67.252.67.233
723,Maridel,Kettoe,mkettoek2@cpanel.net,Female,187.52.248.170
724,Wandie,Deeson,wdeesonk3@ftc.gov,Male,232.228.248.244
725,Marcie,MacCartney,mmaccartneyk4@linkedin.com,Female,81.72.213.194
726,Cristiano,Scholte,cscholtek5@yandex.ru,Female,40.53.70.8
727,Jae,Hilldrop,jhilldropk6@thetimes.co.uk,Male,193.51.217.71
728,Ramsay,Kneafsey,rkneafseyk7@csmonitor.com,Male,137.160.120.48
729,Burgess,Cheale,bchealek8@netlog.com,Male,227.198.220.180
730,Monroe,Gooble,mgooblek9@booking.com,Male,177.124.67.1
731,Galven,Cameli,gcamelika@answers.com,Genderfluid,99.66.21.65
732,Tiffanie,Bodle,tbodlekb@rakuten.co.jp,Genderfluid,209.233.40.89
733,Ann,Hirsthouse,ahirsthousekc@nyu.edu,Female,58.155.169.210
734,Brandy,Kender,bkenderkd@free.fr,Male,119.92.163.33
735,Wye,Delap,wdelapke@hao123.com,Female,169.192.142.87
736,Pearle,Jorat,pjoratkf@bluehost.com,Female,26.56.20.239
737,Cassi,Upstell,cupstellkg@hhs.gov,Female,239.63.40.35
738,Lyn,Guiso,lguisokh@phpbb.com,Male,84.2.179.184
739,Mitch,Housen,mhousenki@bigcartel.com,Male,135.42.98.106
740,Davida,Jewks,djewkskj@typepad.com,Male,184.255.99.45
741,Dorette,Traher,dtraherkk@devhub.com,Male,32.206.152.173
742,Harli,Berrycloth,hberryclothkl@canalblog.com,Genderqueer,70.107.4.133
743,Harv,Pechet,hpechetkm@japanpost.jp,Male,10.186.196.203
744,Elianore,Janczyk,ejanczykkn@sakura.ne.jp,Female,58.26.34.19
745,Libby,Knapton,lknaptonko@moonfruit.com,Male,135.240.58.133
746,Lynnell,Leall,lleallkp@biglobe.ne.jp,Male,3.92.17.194
747,Marc,Heindle,mheindlekq@prlog.org,Male,165.119.114.151
748,Ram,Gibard,rgibardkr@ustream.tv,Genderfluid,2.228.245.111
749,Drona,Sexty,dsextyks@fema.gov,Female,91.155.151.139
750,Harley,Boone,hboonekt@alexa.com,Female,182.146.115.42
751,Jesse,Mountney,jmountneyku@w3.org,Male,43.103.222.234
752,Vladamir,Yashnov,vyashnovkv@miibeian.gov.cn,Male,85.221.19.34
753,Chandler,Trumper,ctrumperkw@amazon.co.uk,Female,94.255.19.80
754,Kalli,Fradson,kfradsonkx@usda.gov,Male,24.77.52.66
755,Emmerich,Edleston,eedlestonky@wsj.com,Male,133.133.39.103
756,Lambert,Ceschi,lceschikz@hugedomains.com,Male,41.11.98.137
757,Valma,Sirrell,vsirrelll0@delicious.com,Female,90.151.72.14
758,Emmery,Tyler,etylerl1@pen.io,Female,237.216.201.7
759,Danice,Marquand,dmarquandl2@issuu.com,Female,43.241.65.71
760,Merralee,Skyram,mskyraml3@bravesites.com,Male,168.90.151.173
761,Felisha,Lohrensen,flohrensenl4@unesco.org,Female,147.40.230.114
762,Gretta,Puden,gpudenl5@apache.org,Female,124.34.26.201
763,Nellie,Gogay,ngogayl6@ucsd.edu,Female,118.96.231.125
764,Cheston,Barhams,cbarhamsl7@nps.gov,Male,165.140.183.143
765,Gar,Seawright,gseawrightl8@smh.com.au,Male,31.142.42.160
766,Leona,Peckitt,lpeckittl9@infoseek.co.jp,Male,134.240.17.170
767,Milena,Cawthorne,mcawthornela@cornell.edu,Male,95.252.250.28
768,Krisha,Perryn,kperrynlb@timesonline.co.uk,Genderqueer,86.167.121.69
769,Jefferey,Reitenbach,jreitenbachlc@washington.edu,Agender,157.23.108.242
770,Winfield,Hallard,whallardld@deliciousdays.com,Male,7.138.192.26
771,Ettie,Peel,epeelle@dropbox.com,Female,201.1.129.95
772,Quint,Kochl,qkochllf@tinyurl.com,Male,101.76.249.42
773,Farah,Shane,fshanelg@typepad.com,Female,239.62.32.141
774,Shadow,Nossent,snossentlh@dyndns.org,Non-binary,248.208.192.174
775,Olenolin,Bowld,obowldli@acquirethisname.com,Female,98.236.69.5
776,Stillman,Barkley,sbarkleylj@ftc.gov,Male,232.185.5.106
777,Danyelle,Iacoboni,diacobonilk@oracle.com,Female,104.125.163.55
778,Meara,Gommes,mgommesll@oakley.com,Male,121.53.79.166
779,Jarad,Bacop,jbacoplm@comsenz.com,Male,98.214.11.207
780,Candy,Pirozzi,cpirozziln@mashable.com,Female,240.132.199.122
781,Carolina,Egerton,cegertonlo@amazon.com,Female,212.251.105.192
782,Egbert,Bril,ebrillp@amazon.com,Male,150.167.131.190
783,Nahum,Broggelli,nbroggellilq@tiny.cc,Male,20.76.23.78
784,Orlan,Pendrill,opendrilllr@twitter.com,Male,156.249.157.112
785,Allsun,Marshland,amarshlandls@omniture.com,Agender,174.74.209.150
786,Pamelina,Wybern,pwybernlt@ezinearticles.com,Female,250.102.22.183
787,Chiquia,Chesterfield,cchesterfieldlu@fotki.com,Female,223.122.76.162
788,Miriam,Shrubb,mshrubblv@amazon.co.uk,Female,210.59.103.186
789,Clari,Pengelly,cpengellylw@behance.net,Female,195.181.6.116
790,Allie,Wheelan,awheelanlx@about.me,Female,6.195.222.107
791,Alyss,Maddison,amaddisonly@answers.com,Female,93.230.213.181
792,Timofei,Sinclair,tsinclairlz@springer.com,Male,131.194.126.36
793,Cassandra,Collyns,ccollynsm0@tuttocitta.it,Male,51.169.206.175
794,Lorrie,Caulcutt,lcaulcuttm1@printfriendly.com,Female,30.163.18.28
795,Kelcey,Pinkie,kpinkiem2@vk.com,Female,21.245.107.208
796,Gladi,Coleford,gcolefordm3@free.fr,Male,255.103.133.187
797,Clarine,Spurrier,cspurrierm4@fc2.com,Male,201.201.247.93
798,Kermie,Buckel,kbuckelm5@etsy.com,Polygender,94.181.40.41
799,Hollis,Daughtery,hdaughterym6@zdnet.com,Female,30.12.19.243
800,Jodi,Knight,jknightm7@webnode.com,Male,128.109.15.84
801,Sheena,Randall,srandallm8@studiopress.com,Male,23.57.235.160
802,Rosabella,Canniffe,rcanniffem9@netvibes.com,Female,120.138.122.41
803,Twyla,Boorman,tboormanma@uol.com.br,Female,230.190.136.19
804,Pen,Antley,pantleymb@dropbox.com,Female,122.26.221.115
805,Nicolis,Ivashkov,nivashkovmc@dedecms.com,Female,2.143.88.157
806,Milzie,Connold,mconnoldmd@wikispaces.com,Female,250.77.164.184
807,Deck,Rive,driveme@miibeian.gov.cn,Male,243.153.33.227
808,Kaiser,Milner,kmilnermf@w3.org,Male,103.255.193.235
809,Sherry,Paulet,spauletmg@deviantart.com,Male,233.242.91.73
810,Melesa,Lantry,mlantrymh@cnn.com,Female,115.77.212.170
811,Inger,Crippes,icrippesmi@moonfruit.com,Male,45.16.86.235
812,Blisse,Nazair,bnazairmj@narod.ru,Female,164.37.68.196
813,Bernadina,Vanichkin,bvanichkinmk@posterous.com,Female,93.237.52.183
814,Bucky,Skiplorne,bskiplorneml@list-manage.com,Female,131.84.47.178
815,Bobbe,Perford,bperfordmm@de.vu,Male,215.66.146.198
816,Tris,Gostyke,tgostykemn@mozilla.com,Female,186.40.162.95
817,Reinaldos,Rubinfeld,rrubinfeldmo@ihg.com,Male,0.128.183.215
818,Lorens,Zannetti,lzannettimp@zimbio.com,Female,54.92.166.169
819,Gayla,Huxstep,ghuxstepmq@flavors.me,Non-binary,221.243.248.81
820,Jermain,Lampett,jlampettmr@networkadvertising.org,Female,225.145.65.12
821,Anni,Briscow,abriscowms@salon.com,Male,108.145.19.143
822,Pattin,Scrivenor,pscrivenormt@blogspot.com,Male,59.207.100.143
823,Cynde,Tissell,ctissellmu@berkeley.edu,Male,134.118.55.195
824,Bellanca,Cresswell,bcresswellmv@opensource.org,Female,215.84.125.116
825,Wilhelmine,Rollett,wrollettmw@salon.com,Male,179.84.148.17
826,Ronna,Capeling,rcapelingmx@auda.org.au,Female,222.238.183.236
827,Amaleta,Pateman,apatemanmy@edublogs.org,Female,183.198.90.106
828,Murdoch,Blythin,mblythinmz@arstechnica.com,Female,132.251.185.189
829,Orella,Brahm,obrahmn0@mayoclinic.com,Male,156.54.74.85
830,Faina,Tolan,ftolann1@sfgate.com,Female,240.67.11.82
831,Carolina,Pickthall,cpickthalln2@ehow.com,Female,62.67.217.87
832,Annabel,Ends,aendsn3@clickbank.net,Female,137.114.153.223
833,Alf,Monier,amoniern4@merriam-webster.com,Female,40.68.130.31
834,Coop,Larn,clarnn5@tiny.cc,Male,156.139.191.108
835,Cass,Deetch,cdeetchn6@smh.com.au,Agender,168.56.136.243
836,Fiona,Soots,fsootsn7@trellian.com,Male,10.158.167.125
837,Daryle,Rielly,driellyn8@amazonaws.com,Male,123.136.7.74
838,Fitzgerald,Paolucci,fpaoluccin9@wix.com,Female,148.156.220.245
839,Ignace,William,iwilliamna@goo.gl,Female,59.197.133.11
840,Meredith,Polycote,mpolycotenb@wordpress.org,Female,150.35.65.9
841,Borg,Bissex,bbissexnc@exblog.jp,Male,182.91.5.145
842,Meredith,Sutty,msuttynd@biglobe.ne.jp,Male,52.188.222.251
843,Bradford,Weare,bwearene@senate.gov,Female,216.156.115.203
844,Bil,Massimo,bmassimonf@shutterfly.com,Female,247.166.215.153
845,Abdul,Mincher,amincherng@comcast.net,Female,29.14.196.205
846,Allistir,Benzi,abenzinh@youtu.be,Female,238.15.195.113
847,Glennie,Hunnam,ghunnamni@sohu.com,Female,2.108.105.243
848,Rodolfo,Maith,rmaithnj@time.com,Non-binary,110.16.82.163
849,Brockie,Smardon,bsmardonnk@github.com,Male,86.36.242.95
850,Beverly,MacMenemy,bmacmenemynl@macromedia.com,Female,51.156.30.97
851,Valma,Wyndham,vwyndhamnm@seesaa.net,Male,204.254.137.46
852,Geno,Olphert,golphertnn@cafepress.com,Male,57.20.130.255
853,Bobbe,Ayliffe,bayliffeno@ebay.com,Female,47.188.102.34
854,Lucita,Garbutt,lgarbuttnp@youtu.be,Male,50.69.49.123
855,Winne,Hyam,whyamnq@ucoz.com,Male,96.178.72.55
856,Gwyn,Peddowe,gpeddowenr@dailymail.co.uk,Non-binary,141.127.153.58
857,Genia,Prothero,gprotherons@archive.org,Female,3.28.123.181
858,Biddie,Cutmare,bcutmarent@bloglines.com,Male,13.255.242.241
859,Daniela,Paulin,dpaulinnu@altervista.org,Male,27.49.75.166
860,Violetta,Gulberg,vgulbergnv@opensource.org,Female,228.234.41.94
861,Korie,Traylen,ktraylennw@netscape.com,Female,124.203.34.74
862,Carline,Ellershaw,cellershawnx@woothemes.com,Male,185.26.52.136
863,Thurston,Swatradge,tswatradgeny@sina.com.cn,Male,25.139.88.154
864,Lari,Rushmare,lrushmarenz@sphinn.com,Male,211.80.37.111
865,Jemimah,Vinck,jvincko0@newsvine.com,Male,64.93.58.137
866,Elena,Pask,epasko1@miibeian.gov.cn,Male,220.102.68.71
867,Waring,Heartfield,wheartfieldo2@sciencedaily.com,Male,244.98.1.101
868,Brenna,Murby,bmurbyo3@ehow.com,Female,87.55.240.26
869,Hardy,Everly,heverlyo4@skyrock.com,Male,81.57.172.240
870,Annabell,Laker,alakero5@dagondesign.com,Female,74.138.77.148
871,Duke,Edmeads,dedmeadso6@bandcamp.com,Male,15.241.218.162
872,Korella,Mebs,kmebso7@parallels.com,Agender,183.240.26.197
873,Lenora,Rushbury,lrushburyo8@blogs.com,Female,250.243.174.245
874,Meir,Sibley,msibleyo9@odnoklassniki.ru,Male,9.223.180.227
875,Harmonia,Gartan,hgartanoa@smh.com.au,Male,161.35.164.139
876,Lila,Neads,lneadsob@twitpic.com,Female,159.220.243.193
877,Desiree,Pember,dpemberoc@google.com.au,Male,23.161.105.105
878,Traver,Markey,tmarkeyod@parallels.com,Male,141.108.161.29
879,Von,Suggate,vsuggateoe@va.gov,Female,242.139.249.222
880,Maximilien,Normington,mnormingtonof@unblog.fr,Polygender,150.227.185.58
881,Rossy,Lodo,rlodoog@cargocollective.com,Male,63.31.174.158
882,Vern,Inchley,vinchleyoh@flickr.com,Male,220.134.118.107
883,Launce,Vigne,lvigneoi@foxnews.com,Male,24.213.104.172
884,Fanchon,Gorries,fgorriesoj@bbb.org,Male,176.110.49.22
885,Emma,Gallager,egallagerok@quantcast.com,Female,109.172.80.84
886,Arte,Birden,abirdenol@guardian.co.uk,Female,182.102.25.192
887,Marchelle,Ubee,mubeeom@cnbc.com,Male,167.138.6.241
888,Whittaker,Cadle,wcadleon@dedecms.com,Male,35.155.110.42
889,Meggi,Gelder,mgelderoo@taobao.com,Male,232.202.27.184
890,Esdras,Tweed,etweedop@tinypic.com,Male,162.6.116.10
891,Etta,Tirkin,etirkinoq@prweb.com,Female,227.54.66.198
892,Lillis,Coale,lcoaleor@yale.edu,Non-binary,105.149.251.119
893,Clare,Benazet,cbenazetos@nhs.uk,Genderqueer,90.52.74.241
894,Tallou,MacGettigen,tmacgettigenot@creativecommons.org,Female,8.179.62.148
895,Huntley,Caghan,hcaghanou@ca.gov,Non-binary,120.57.108.179
896,Neill,Whale,nwhaleov@chronoengine.com,Female,186.152.221.181
897,Brenna,Espinheira,bespinheiraow@pbs.org,Male,85.164.15.127
898,Cortney,Paff,cpaffox@who.int,Male,156.42.232.168
899,Ivan,Coltart,icoltartoy@t.co,Female,53.91.12.184
900,Ingeberg,Kellert,ikellertoz@webs.com,Female,179.119.21.145
901,Ernaline,O'Rodane,eorodanep0@disqus.com,Female,144.172.182.90
902,Emilee,Booton,ebootonp1@house.gov,Male,156.58.132.235
903,Christa,Sommerly,csommerlyp2@google.co.jp,Male,251.248.230.172
904,Gwenette,Banat,gbanatp3@icq.com,Female,150.238.6.63
905,Merrielle,Durston,mdurstonp4@xing.com,Male,115.52.16.30
906,Gareth,Connolly,gconnollyp5@fotki.com,Female,236.115.71.176
907,Lacie,Palleske,lpalleskep6@java.com,Male,108.5.44.185
908,Clemente,Glyne,cglynep7@noaa.gov,Agender,106.112.90.239
909,Colline,Crown,ccrownp8@jimdo.com,Male,172.173.75.187
910,Isahella,Scading,iscadingp9@yale.edu,Male,143.7.180.108
911,Joelie,Hacking,jhackingpa@va.gov,Female,190.69.176.189
912,Lalo,Banton,lbantonpb@dedecms.com,Male,125.59.36.165
913,Tarah,Sikora,tsikorapc@hubpages.com,Female,53.249.250.84
914,Rosella,Willoughway,rwilloughwaypd@aol.com,Female,170.173.177.9
915,Rickie,Rutland,rrutlandpe@over-blog.com,Bigender,166.16.166.184
916,Eolanda,Dobsons,edobsonspf@seattletimes.com,Male,183.228.176.208
917,Derrek,Walding,dwaldingpg@jimdo.com,Male,70.202.171.4
918,Schuyler,Scammell,sscammellph@desdev.cn,Female,188.49.191.243
919,Elise,Pach,epachpi@sakura.ne.jp,Male,138.33.0.236
920,Randal,Jacketts,rjackettspj@mlb.com,Female,86.42.47.208
921,Lil,Celez,lcelezpk@privacy.gov.au,Female,137.175.203.217
922,Tommy,Rodrigues,trodriguespl@smugmug.com,Female,69.95.219.193
923,Bradan,Checcucci,bcheccuccipm@opensource.org,Non-binary,211.79.92.51
924,Betsy,Lingley,blingleypn@noaa.gov,Female,187.111.98.102
925,Lusa,McCague,lmccaguepo@marriott.com,Male,74.90.168.152
926,Hoyt,Glendenning,hglendenningpp@cocolog-nifty.com,Male,38.212.165.233
927,Monroe,Dulake,mdulakepq@yellowpages.com,Male,111.191.31.95
928,Willem,Ecles,weclespr@pagesperso-orange.fr,Female,2.94.97.190
929,Chance,Siene,csieneps@nps.gov,Male,234.168.42.79
930,Sebastiano,Klos,sklospt@usnews.com,Male,243.188.7.130
931,Si,Steptoe,ssteptoepu@vk.com,Female,57.26.146.141
932,Terence,Malek,tmalekpv@tumblr.com,Female,177.138.70.223
933,Maison,Cammell,mcammellpw@storify.com,Male,170.1.209.253
934,Rois,Ivanisov,rivanisovpx@etsy.com,Female,16.206.66.156
935,Eamon,Riddeough,eriddeoughpy@engadget.com,Male,226.2.237.123
936,Rowena,Coggles,rcogglespz@google.com.hk,Female,151.229.233.211
937,Wyatan,O' Culligan,woculliganq0@moonfruit.com,Male,188.92.209.249
938,Adorne,Morton,amortonq1@reuters.com,Male,2.90.188.71
939,Adiana,Ferrandez,aferrandezq2@prweb.com,Male,189.241.72.120
940,Anna-diana,Ledingham,aledinghamq3@digg.com,Female,12.250.4.159
941,Friederike,Emanulsson,femanulssonq4@ucsd.edu,Female,170.15.216.142
942,Lezley,Beeze,lbeezeq5@drupal.org,Female,76.31.168.20
943,Angela,Dodman,adodmanq6@so-net.ne.jp,Male,213.110.13.93
944,Welch,Keattch,wkeattchq7@feedburner.com,Male,99.217.246.93
945,Porter,Dale,pdaleq8@hao123.com,Male,111.151.46.172
946,Vittoria,Wortley,vwortleyq9@ebay.co.uk,Male,224.34.192.167
947,Courtnay,Hawking,chawkingqa@behance.net,Female,51.222.50.163
948,Laverne,Ferraro,lferraroqb@youku.com,Male,16.255.150.240
949,Phyllys,Venediktov,pvenediktovqc@smugmug.com,Female,168.66.25.73
950,Cosme,Bilney,cbilneyqd@discovery.com,Male,195.28.192.59
951,Prescott,Bosdet,pbosdetqe@360.cn,Female,161.64.45.38
952,Bernhard,Schoenrock,bschoenrockqf@sun.com,Male,54.42.140.91
953,Sterne,Attril,sattrilqg@amazonaws.com,Female,96.250.210.57
954,Haleigh,Yvens,hyvensqh@liveinternet.ru,Female,254.201.188.158
955,Adoree,Creelman,acreelmanqi@cloudflare.com,Male,14.176.154.114
956,Zabrina,Wagon,zwagonqj@cbsnews.com,Male,41.83.195.205
957,Lamont,Pickup,lpickupqk@princeton.edu,Male,63.176.53.247
958,Gery,MacQuaker,gmacquakerql@lulu.com,Female,217.99.42.34
959,Johannah,Harewood,jharewoodqm@typepad.com,Female,11.38.165.138
960,Constancy,McLelland,cmclellandqn@google.es,Female,201.161.100.57
961,Patricio,Sowte,psowteqo@1und1.de,Male,91.101.201.52
962,Frederigo,Greenwell,fgreenwellqp@economist.com,Male,182.62.14.214
963,Dunc,Holberry,dholberryqq@vimeo.com,Female,171.118.110.231
964,Bartie,Doumer,bdoumerqr@blog.com,Female,231.185.63.178
965,Prinz,Beernaert,pbeernaertqs@dailymail.co.uk,Male,213.130.150.218
966,Hagan,Echlin,hechlinqt@economist.com,Female,95.21.251.8
967,Wini,Brekonridge,wbrekonridgequ@google.com.au,Female,53.17.145.200
968,Sarah,Redmile,sredmileqv@xrea.com,Female,12.103.7.90
969,Claretta,Gilchriest,cgilchriestqw@google.nl,Non-binary,236.159.92.2
970,Roxine,Frapwell,rfrapwellqx@51.la,Female,113.22.119.194
971,Greg,Titterton,gtittertonqy@discuz.net,Male,73.110.136.52
972,Danika,Merrick,dmerrickqz@a8.net,Female,108.228.51.123
973,Enos,Jina,ejinar0@linkedin.com,Bigender,128.32.16.185
974,Paulina,Bilt,pbiltr1@sina.com.cn,Female,136.200.54.242
975,Karlens,Wilsone,kwilsoner2@furl.net,Male,92.53.40.22
976,Brody,Sobey,bsobeyr3@tinypic.com,Male,12.245.209.218
977,Errol,Huston,ehustonr4@census.gov,Male,3.87.219.49
978,Martguerita,Stang-Gjertsen,mstanggjertsenr5@arizona.edu,Female,139.116.51.39
979,Tamara,MacLleese,tmaclleeser6@about.me,Female,211.177.229.136
980,Bernadina,Zarfai,bzarfair7@nature.com,Genderfluid,164.111.125.29
981,Robin,Pynn,rpynnr8@gnu.org,Male,153.215.164.72
982,Barry,Nannizzi,bnannizzir9@networkadvertising.org,Female,123.83.162.89
983,Lanna,Matterdace,lmatterdacera@surveymonkey.com,Genderqueer,145.125.6.208
984,Joell,Rook,jrookrb@hostgator.com,Male,83.61.140.111
985,Berthe,Mostin,bmostinrc@hexun.com,Male,94.188.189.183
986,Astrid,Feasey,afeaseyrd@hubpages.com,Male,158.6.33.152
987,Quintilla,Lusty,qlustyre@google.co.uk,Female,75.153.115.47
988,Antonius,Josephs,ajosephsrf@flickr.com,Female,56.119.44.211
989,Andrei,Lusk,aluskrg@arstechnica.com,Female,188.133.238.176
990,Alan,Eliot,aeliotrh@mayoclinic.com,Female,49.247.198.15
991,Burtie,Hirsthouse,bhirsthouseri@angelfire.com,Male,195.69.214.128
992,Ulrica,Float,ufloatrj@odnoklassniki.ru,Male,58.21.91.73
993,Markos,Gethin,mgethinrk@wordpress.com,Male,158.27.21.203
994,Sonny,Earwicker,searwickerrl@wired.com,Male,56.136.79.172
995,Elsy,Olenikov,eolenikovrm@webmd.com,Male,3.125.207.220
996,Albertine,Rickaby,arickabyrn@intel.com,Female,166.242.147.235
997,Nathalie,Ceschi,nceschiro@nba.com,Female,5.140.83.181
998,Hercule,Gocke,hgockerp@sun.com,Female,5.164.252.154
999,Harlene,MacQuarrie,hmacquarrierq@mac.com,Female,127.77.73.240
1000,Edgar,Conboy,econboyrr@marketwatch.com,Non-binary,208.96.93.9
